ACZ81_RS15830	rxn07919
ACZ81_RS15830	rxn07921
ACZ81_RS03600	rxn07946
ACZ81_RS03600	rxn07947
ACZ81_RS03600	rxn07948
ACZ81_RS03600	rxn07949
ACZ81_RS03600	rxn07950
ACZ81_RS03600	rxn07951
ACZ81_RS03600	rxn07952
ACZ81_RS03600	rxn07960
ACZ81_RS03600	rxn07961
ACZ81_RS03600	rxn07962
ACZ81_RS03600	rxn07963
ACZ81_RS03600	rxn07964
ACZ81_RS03600	rxn07965
ACZ81_RS03600	rxn07966
ACZ81_RS09440	rxn07971
ACZ81_RS03230	rxn07971
ACZ81_RS07490	rxn01827
ACZ81_RS10285	rxn05335
ACZ81_RS04880	rxn05335
ACZ81_RS10285	rxn07981
ACZ81_RS04880	rxn07981
ACZ81_RS09960	rxn03433
ACZ81_RS05950	rxn07994
ACZ81_RS11095	rxn07994
ACZ81_RS08565	rxn07994
ACZ81_RS14240	rxn08003
ACZ81_RS15055	rxn03446
ACZ81_RS14240	rxn08008
ACZ81_RS16635	rxn08011
ACZ81_RS15365	rxn08013
ACZ81_RS03755	rxn01117
ACZ81_RS16800	rxn01117
ACZ81_RS03600	rxn08014
ACZ81_RS08570	rxn08014
ACZ81_RS03600	rxn08016
ACZ81_RS08570	rxn08016
ACZ81_RS03600	rxn08018
ACZ81_RS08570	rxn08018
ACZ81_RS03600	rxn08021
ACZ81_RS08570	rxn08021
ACZ81_RS09865	rxn08024
ACZ81_RS15990	rxn01851
ACZ81_RS02375	rxn01851
ACZ81_RS06155	rxn00178
ACZ81_RS02645	rxn00178
ACZ81_RS08655	rxn00178
ACZ81_RS08280	rxn00178
ACZ81_RS06155	rxn00874
ACZ81_RS02645	rxn00874
ACZ81_RS06155	rxn03248
ACZ81_RS02645	rxn03248
ACZ81_RS06155	rxn02680
ACZ81_RS02645	rxn02680
ACZ81_RS06155	rxn03243
ACZ81_RS02645	rxn03243
ACZ81_RS06155	rxn06510
ACZ81_RS02645	rxn06510
ACZ81_RS06155	rxn02804
ACZ81_RS02645	rxn02804
ACZ81_RS09605	rxn05484
ACZ81_RS12435	rxn05484
ACZ81_RS07000	rxn00171
ACZ81_RS19115	rxn00533
ACZ81_RS04905	rxn00533
ACZ81_RS19120	rxn00533
ACZ81_RS12285	rxn00533
ACZ81_RS16850	rxn00669
ACZ81_RS04190	rxn00892
ACZ81_RS04190	rxn00897
ACZ81_RS04190	rxn01023
ACZ81_RS04190	rxn01024
ACZ81_RS04190	rxn01322
ACZ81_RS04190	rxn05941
ACZ81_RS04190	rxn06063
ACZ81_RS04190	rxn07593
ACZ81_RS04190	rxn12154
ACZ81_RS04190	rxn19732
ACZ81_RS04190	rxn19733
ACZ81_RS04190	rxn20173
ACZ81_RS04190	rxn20174
ACZ81_RS04190	rxn24346
ACZ81_RS04190	rxn31265
ACZ81_RS04190	rxn31266
ACZ81_RS04190	rxn39926
ACZ81_RS04190	rxn40228
ACZ81_RS02810	rxn05485
ACZ81_RS03710	rxn05485
ACZ81_RS02055	rxn01917
ACZ81_RS02035	rxn00192
ACZ81_RS17740	rxn00192
ACZ81_RS14365	rxn00192
ACZ81_RS02225	rxn08043
ACZ81_RS02230	rxn08043
ACZ81_RS07130	rxn00225
ACZ81_RS02225	rxn15021
ACZ81_RS18265	rxn15021
ACZ81_RS02230	rxn15021
ACZ81_RS02420	rxn08044
ACZ81_RS11100	rxn00872
ACZ81_RS13940	rxn00872
ACZ81_RS10835	rxn00872
ACZ81_RS10835	rxn10010
ACZ81_RS03205	rxn03251
ACZ81_RS11100	rxn03251
ACZ81_RS13940	rxn03251
ACZ81_RS10835	rxn03251
ACZ81_RS10835	rxn10011
ACZ81_RS03205	rxn02679
ACZ81_RS11100	rxn02679
ACZ81_RS13940	rxn02679
ACZ81_RS10835	rxn02679
ACZ81_RS10835	rxn10012
ACZ81_RS03205	rxn03253
ACZ81_RS11295	rxn03253
ACZ81_RS13940	rxn03253
ACZ81_RS11100	rxn03253
ACZ81_RS10835	rxn03253
ACZ81_RS10835	rxn10013
ACZ81_RS03205	rxn02720
ACZ81_RS11295	rxn02720
ACZ81_RS13940	rxn02720
ACZ81_RS11100	rxn02720
ACZ81_RS10835	rxn02720
ACZ81_RS10835	rxn10014
ACZ81_RS03205	rxn02803
ACZ81_RS11295	rxn02803
ACZ81_RS13940	rxn02803
ACZ81_RS11100	rxn02803
ACZ81_RS10835	rxn02803
ACZ81_RS10835	rxn05732
ACZ81_RS11100	rxn00946
ACZ81_RS13940	rxn00946
ACZ81_RS10835	rxn00946
ACZ81_RS08660	rxn00946
ACZ81_RS11100	rxn08053
ACZ81_RS13940	rxn08053
ACZ81_RS10835	rxn08053
ACZ81_RS08660	rxn08053
ACZ81_RS02295	rxn29983
ACZ81_RS03455	rxn00973
ACZ81_RS01640	rxn00973
ACZ81_RS15300	rxn00973
ACZ81_RS03455	rxn00974
ACZ81_RS01640	rxn00974
ACZ81_RS03455	rxn01388
ACZ81_RS01640	rxn01388
ACZ81_RS01905	rxn01637
ACZ81_RS00825	rxn00391
ACZ81_RS06690	rxn00391
ACZ81_RS03550	rxn29984
ACZ81_RS11040	rxn30542
ACZ81_RS16850	rxn00175
ACZ81_RS07070	rxn00674
ACZ81_RS09605	rxn05488
ACZ81_RS16805	rxn05488
ACZ81_RS16805	rxn08062
ACZ81_RS19805	rxn08063
ACZ81_RS18370	rxn08063
ACZ81_RS14300	rxn01137
ACZ81_RS07830	rxn01137
ACZ81_RS07870	rxn01137
ACZ81_RS00335	rxn03841
ACZ81_RS08580	rxn03841
ACZ81_RS01915	rxn01257
ACZ81_RS10125	rxn01257
ACZ81_RS07830	rxn00926
ACZ81_RS07825	rxn05491
ACZ81_RS07865	rxn05491
ACZ81_RS12780	rxn00097
ACZ81_RS12780	rxn08066
ACZ81_RS12780	rxn08067
ACZ81_RS14140	rxn00065
ACZ81_RS17625	rxn00065
ACZ81_RS01835	rxn00065
ACZ81_RS09175	rxn00065
ACZ81_RS12780	rxn00134
ACZ81_RS14570	rxn00927
ACZ81_RS16765	rxn05318
ACZ81_RS01570	rxn05318
ACZ81_RS02940	rxn00775
ACZ81_RS19365	rxn00775
ACZ81_RS07115	rxn00775
ACZ81_RS12820	rxn00139
ACZ81_RS06080	rxn00361
ACZ81_RS06095	rxn00361
ACZ81_RS06090	rxn00361
ACZ81_RS09180	rxn00800
ACZ81_RS09180	rxn03136
ACZ81_RS02370	rxn00838
ACZ81_RS14480	rxn01484
ACZ81_RS04195	rxn01484
ACZ81_RS14670	rxn08073
ACZ81_RS15335	rxn08073
ACZ81_RS18315	rxn08073
ACZ81_RS08140	rxn08074
ACZ81_RS02845	rxn08075
ACZ81_RS14670	rxn08076
ACZ81_RS15335	rxn08076
ACZ81_RS18315	rxn08076
ACZ81_RS08140	rxn08078
ACZ81_RS02845	rxn08079
ACZ81_RS08140	rxn08080
ACZ81_RS02845	rxn08081
ACZ81_RS15575	rxn08086
ACZ81_RS15575	rxn08089
ACZ81_RS02060	rxn02465
ACZ81_RS18800	rxn00143
ACZ81_RS15365	rxn00143
ACZ81_RS11780	rxn00143
ACZ81_RS15875	rxn00141
ACZ81_RS14595	rxn10432
ACZ81_RS15445	rxn00952
ACZ81_RS11050	rxn00952
ACZ81_RS19200	rxn03137
ACZ81_RS02315	rxn05114
ACZ81_RS02310	rxn05115
ACZ81_RS02310	rxn02938
ACZ81_RS08905	rxn08094
ACZ81_RS09795	rxn08094
ACZ81_RS14645	rxn08094
ACZ81_RS09800	rxn08094
ACZ81_RS17380	rxn03167
ACZ81_RS13675	rxn03167
ACZ81_RS05435	rxn08098
ACZ81_RS05455	rxn08098
ACZ81_RS14230	rxn08098
ACZ81_RS05450	rxn08098
ACZ81_RS05445	rxn08098
ACZ81_RS14755	rxn00851
ACZ81_RS14750	rxn00851
ACZ81_RS10630	rxn00278
ACZ81_RS02425	rxn00283
ACZ81_RS14945	rxn00283
ACZ81_RS11185	rxn00849
ACZ81_RS18205	rxn00849
ACZ81_RS13050	rxn00848
ACZ81_RS11380	rxn00191
ACZ81_RS11240	rxn00191
ACZ81_RS13050	rxn08103
ACZ81_RS09020	rxn08097
ACZ81_RS07230	rxn05496
ACZ81_RS07230	rxn05215
ACZ81_RS11680	rxn05215
ACZ81_RS11995	rxn00543
ACZ81_RS12215	rxn00763
ACZ81_RS07000	rxn00763
ACZ81_RS15990	rxn00763
ACZ81_RS01595	rxn00763
ACZ81_RS15075	rxn00763
ACZ81_RS18115	rxn00765
ACZ81_RS18510	rxn00765
ACZ81_RS12215	rxn00543
ACZ81_RS07000	rxn00543
ACZ81_RS15075	rxn00543
ACZ81_RS01595	rxn00543
ACZ81_RS02770	rxn00536
ACZ81_RS15990	rxn02853
ACZ81_RS02375	rxn02853
ACZ81_RS15990	rxn09882
ACZ81_RS15990	rxn00506
ACZ81_RS02375	rxn00506
ACZ81_RS11975	rxn00507
ACZ81_RS12960	rxn00507
ACZ81_RS15990	rxn00507
ACZ81_RS02375	rxn00507
ACZ81_RS07295	rxn00507
ACZ81_RS15990	rxn08110
ACZ81_RS11975	rxn08110
ACZ81_RS07295	rxn08110
ACZ81_RS00945	rxn00743
ACZ81_RS13675	rxn00743
ACZ81_RS07880	rxn08114
ACZ81_RS07815	rxn01748
ACZ81_RS16570	rxn05682
ACZ81_RS11195	rxn00002
ACZ81_RS11190	rxn00002
ACZ81_RS06945	rxn01832
ACZ81_RS13285	rxn01832
ACZ81_RS03590	rxn01832
ACZ81_RS10715	rxn01832
ACZ81_RS16865	rxn01832
ACZ81_RS05660	rxn01832
ACZ81_RS07295	rxn01832
ACZ81_RS11875	rxn01122
ACZ81_RS14670	rxn08123
ACZ81_RS14670	rxn08124
ACZ81_RS11720	rxn08126
ACZ81_RS11720	rxn08127
ACZ81_RS11720	rxn08128
ACZ81_RS11720	rxn20171
ACZ81_RS11720	rxn22017
ACZ81_RS11720	rxn22749
ACZ81_RS11720	rxn37425
ACZ81_RS11720	rxn40273
ACZ81_RS11720	rxn08129
ACZ81_RS06660	rxn02312
ACZ81_RS17515	rxn08130
ACZ81_RS17515	rxn10094
ACZ81_RS14525	rxn12634
ACZ81_RS14525	rxn12637
ACZ81_RS00500	rxn08131
ACZ81_RS11945	rxn00650
ACZ81_RS04825	rxn00650
ACZ81_RS13535	rxn00650
ACZ81_RS15625	rxn00650
ACZ81_RS17795	rxn00650
ACZ81_RS14525	rxn00650
ACZ81_RS15925	rxn00650
ACZ81_RS10220	rxn00650
ACZ81_RS15625	rxn08133
ACZ81_RS15925	rxn08133
ACZ81_RS17795	rxn08133
ACZ81_RS10220	rxn08133
ACZ81_RS15415	rxn08136
ACZ81_RS06905	rxn00791
ACZ81_RS03130	rxn00791
ACZ81_RS01915	rxn00727
ACZ81_RS06905	rxn00727
ACZ81_RS06915	rxn00727
ACZ81_RS01915	rxn00726
ACZ81_RS06670	rxn02297
ACZ81_RS03480	rxn00095
ACZ81_RS13040	rxn02474
ACZ81_RS12965	rxn02826
ACZ81_RS02285	rxn05256
ACZ81_RS02350	rxn05256
ACZ81_RS18510	rxn01291
ACZ81_RS18585	rxn05500
ACZ81_RS15020	rxn08141
ACZ81_RS18890	rxn00405
ACZ81_RS14025	rxn00405
ACZ81_RS02040	rxn29990
ACZ81_RS02045	rxn29991
ACZ81_RS02040	rxn29991
ACZ81_RS09020	rxn05154
ACZ81_RS00690	rxn08154
ACZ81_RS06525	rxn01643
ACZ81_RS12305	rxn01643
ACZ81_RS09275	rxn00342
ACZ81_RS08315	rxn00342
ACZ81_RS13800	rxn00416
ACZ81_RS06050	rxn00416
ACZ81_RS06050	rxn00340
ACZ81_RS17835	rxn00346
ACZ81_RS01845	rxn01018
ACZ81_RS03465	rxn00337
ACZ81_RS15065	rxn00337
ACZ81_RS13140	rxn08166
ACZ81_RS13140	rxn08167
ACZ81_RS13140	rxn08168
ACZ81_RS13140	rxn00338
ACZ81_RS11065	rxn00260
ACZ81_RS11380	rxn00260
ACZ81_RS09020	rxn05152
ACZ81_RS08425	rxn05217
ACZ81_RS07450	rxn05217
ACZ81_RS15105	rxn08171
ACZ81_RS06960	rxn08171
ACZ81_RS10790	rxn08171
ACZ81_RS01900	rxn00601
ACZ81_RS12165	rxn00601
ACZ81_RS12960	rxn08172
ACZ81_RS13275	rxn08172
ACZ81_RS10715	rxn08172
ACZ81_RS12705	rxn00789
ACZ81_RS19855	rxn08173
ACZ81_RS19845	rxn08173
ACZ81_RS19835	rxn08173
ACZ81_RS19840	rxn08173
ACZ81_RS19860	rxn08173
ACZ81_RS19865	rxn08173
ACZ81_RS19850	rxn08173
ACZ81_RS19870	rxn08173
ACZ81_RS07005	rxn00992
ACZ81_RS14055	rxn01867
ACZ81_RS14055	rxn01868
ACZ81_RS06085	rxn00137
ACZ81_RS09605	rxn09693
ACZ81_RS13285	rxn00796
ACZ81_RS03590	rxn00796
ACZ81_RS10715	rxn00796
ACZ81_RS16865	rxn00796
ACZ81_RS07295	rxn00796
ACZ81_RS06665	rxn08180
ACZ81_RS10085	rxn00875
ACZ81_RS12435	rxn05683
ACZ81_RS16805	rxn05683
ACZ81_RS19805	rxn08184
ACZ81_RS18370	rxn08184
ACZ81_RS18260	rxn01032
ACZ81_RS19805	rxn08186
ACZ81_RS18370	rxn08186
ACZ81_RS16500	rxn08187
ACZ81_RS11995	rxn00006
ACZ81_RS02015	rxn00006
ACZ81_RS16920	rxn00006
ACZ81_RS16130	rxn00006
ACZ81_RS03760	rxn08188
ACZ81_RS07085	rxn00414
ACZ81_RS01845	rxn00414
ACZ81_RS07090	rxn00414
ACZ81_RS18540	rxn08196
ACZ81_RS19805	rxn08197
ACZ81_RS18370	rxn08197
ACZ81_RS07315	rxn03908
ACZ81_RS05435	rxn05539
ACZ81_RS05450	rxn05539
ACZ81_RS05455	rxn05539
ACZ81_RS05445	rxn05539
ACZ81_RS04245	rxn05159
ACZ81_RS00385	rxn08213
ACZ81_RS16025	rxn08213
ACZ81_RS12500	rxn10770
ACZ81_RS07000	rxn10770
ACZ81_RS14060	rxn10770
ACZ81_RS06320	rxn01256
ACZ81_RS06290	rxn01256
ACZ81_RS05865	rxn01255
ACZ81_RS00335	rxn00966
ACZ81_RS08580	rxn00966
ACZ81_RS16140	rxn08226
ACZ81_RS16140	rxn08227
ACZ81_RS16140	rxn08228
ACZ81_RS16140	rxn08230
ACZ81_RS16140	rxn08231
ACZ81_RS15510	rxn08233
ACZ81_RS19805	rxn08234
ACZ81_RS18370	rxn08234
ACZ81_RS18700	rxn10797
ACZ81_RS18700	rxn10808
ACZ81_RS19805	rxn05467
ACZ81_RS18370	rxn05467
ACZ81_RS18540	rxn08240
ACZ81_RS19805	rxn08241
ACZ81_RS18370	rxn08241
ACZ81_RS15710	rxn08241
ACZ81_RS00130	rxn02303
ACZ81_RS04505	rxn04704
ACZ81_RS11325	rxn04704
ACZ81_RS04245	rxn05180
ACZ81_RS09770	rxn00256
ACZ81_RS08690	rxn05527
ACZ81_RS04580	rxn00410
ACZ81_RS04580	rxn00412
ACZ81_RS19805	rxn05212
ACZ81_RS18370	rxn05212
ACZ81_RS10460	rxn01416
ACZ81_RS00320	rxn01416
ACZ81_RS15155	rxn01365
ACZ81_RS15535	rxn00566
ACZ81_RS10910	rxn00649
ACZ81_RS05740	rxn00649
ACZ81_RS15535	rxn15166
ACZ81_RS10510	rxn15166
ACZ81_RS18215	rxn00953
ACZ81_RS18465	rxn05237
ACZ81_RS18590	rxn08280
ACZ81_RS18595	rxn08280
ACZ81_RS09715	rxn05237
ACZ81_RS05640	rxn08284
ACZ81_RS11490	rxn08284
ACZ81_RS17475	rxn08288
ACZ81_RS18605	rxn08288
ACZ81_RS18610	rxn08288
ACZ81_RS17480	rxn08288
ACZ81_RS18605	rxn08287
ACZ81_RS18610	rxn08287
ACZ81_RS18600	rxn08288
ACZ81_RS19010	rxn30002
ACZ81_RS18995	rxn30002
ACZ81_RS19000	rxn30002
ACZ81_RS19005	rxn30002
ACZ81_RS09645	rxn01368
ACZ81_RS14570	rxn01541
ACZ81_RS16760	rxn00365
ACZ81_RS16760	rxn00369
ACZ81_RS16765	rxn05198
ACZ81_RS01570	rxn05198
ACZ81_RS10675	rxn00364
ACZ81_RS10675	rxn01219
ACZ81_RS10400	rxn10481
ACZ81_RS20340	rxn05528
ACZ81_RS20060	rxn05528
ACZ81_RS10400	rxn05528
ACZ81_RS14300	rxn01858
ACZ81_RS07830	rxn01858
ACZ81_RS07870	rxn01858
ACZ81_RS12780	rxn01127
ACZ81_RS16765	rxn05317
ACZ81_RS01570	rxn05317
ACZ81_RS10335	rxn08294
ACZ81_RS10335	rxn08295
ACZ81_RS10335	rxn08296
ACZ81_RS10335	rxn08297
ACZ81_RS10335	rxn08298
ACZ81_RS10335	rxn08299
ACZ81_RS10335	rxn08300
ACZ81_RS07230	rxn05494
ACZ81_RS00845	rxn00313
ACZ81_RS00840	rxn01974
ACZ81_RS04855	rxn08306
ACZ81_RS04855	rxn08307
ACZ81_RS04855	rxn08308
ACZ81_RS04855	rxn08309
ACZ81_RS04855	rxn08310
ACZ81_RS04855	rxn08311
ACZ81_RS04855	rxn08312
ACZ81_RS13030	rxn05040
ACZ81_RS00760	rxn05040
ACZ81_RS06680	rxn02277
ACZ81_RS12115	rxn01672
ACZ81_RS09645	rxn01800
ACZ81_RS16765	rxn05205
ACZ81_RS01570	rxn05205
ACZ81_RS18815	rxn08318
ACZ81_RS11895	rxn01123
ACZ81_RS06705	rxn01332
ACZ81_RS06285	rxn01332
ACZ81_RS11890	rxn00328
ACZ81_RS16250	rxn09459
ACZ81_RS05785	rxn09459
ACZ81_RS16250	rxn09458
ACZ81_RS05785	rxn09458
ACZ81_RS00535	rxn01509
ACZ81_RS01570	rxn08323
ACZ81_RS19600	rxn15467
ACZ81_RS19600	rxn03437
ACZ81_RS08680	rxn00744
ACZ81_RS02810	rxn00745
ACZ81_RS03710	rxn00745
ACZ81_RS07080	rxn02929
ACZ81_RS00905	rxn01644
ACZ81_RS10760	rxn01644
ACZ81_RS18150	rxn00686
ACZ81_RS02710	rxn00686
ACZ81_RS07930	rxn00686
ACZ81_RS12280	rxn01603
ACZ81_RS10255	rxn08335
ACZ81_RS10255	rxn08336
ACZ81_RS10255	rxn01360
ACZ81_RS18105	rxn01465
ACZ81_RS01845	rxn01465
ACZ81_RS13040	rxn02475
ACZ81_RS09385	rxn02201
ACZ81_RS01955	rxn02212
ACZ81_RS19110	rxn02213
ACZ81_RS12920	rxn02213
ACZ81_RS01570	rxn08343
ACZ81_RS04680	rxn05533
ACZ81_RS04680	rxn05534
ACZ81_RS04680	rxn05536
ACZ81_RS04680	rxn05537
ACZ81_RS04680	rxn05538
ACZ81_RS04680	rxn05539
ACZ81_RS04680	rxn05541
ACZ81_RS04680	rxn05546
ACZ81_RS06945	rxn08345
ACZ81_RS05660	rxn08345
ACZ81_RS12995	rxn01213
ACZ81_RS10670	rxn08352
ACZ81_RS13240	rxn08352
ACZ81_RS00780	rxn30013
ACZ81_RS02805	rxn30013
ACZ81_RS00780	rxn30014
ACZ81_RS06390	rxn30014
ACZ81_RS14720	rxn30014
ACZ81_RS02805	rxn30014
ACZ81_RS14700	rxn00100
ACZ81_RS06505	rxn01790
ACZ81_RS19620	rxn01790
ACZ81_RS05815	rxn01790
ACZ81_RS14565	rxn01987
ACZ81_RS10715	rxn08371
ACZ81_RS08590	rxn01513
ACZ81_RS13960	rxn01518
ACZ81_RS16765	rxn08376
ACZ81_RS01570	rxn08376
ACZ81_RS04860	rxn03958
ACZ81_RS13000	rxn03909
ACZ81_RS03940	rxn01331
ACZ81_RS11725	rxn01331
ACZ81_RS06160	rxn02167
ACZ81_RS06280	rxn02167
ACZ81_RS02650	rxn02167
ACZ81_RS09960	rxn02949
ACZ81_RS11020	rxn02949
ACZ81_RS06160	rxn03250
ACZ81_RS06280	rxn03250
ACZ81_RS02650	rxn03250
ACZ81_RS06160	rxn03247
ACZ81_RS06280	rxn03247
ACZ81_RS02650	rxn03247
ACZ81_RS06160	rxn03245
ACZ81_RS06280	rxn03245
ACZ81_RS02650	rxn03245
ACZ81_RS06160	rxn02911
ACZ81_RS06280	rxn02911
ACZ81_RS02650	rxn02911
ACZ81_RS06160	rxn03241
ACZ81_RS06280	rxn03241
ACZ81_RS02650	rxn03241
ACZ81_RS06160	rxn03240
ACZ81_RS06280	rxn03240
ACZ81_RS02650	rxn03240
ACZ81_RS06160	rxn08413
ACZ81_RS06280	rxn08413
ACZ81_RS02650	rxn08413
ACZ81_RS09960	rxn02934
ACZ81_RS11020	rxn02934
ACZ81_RS11735	rxn03884
ACZ81_RS11890	rxn03884
ACZ81_RS11745	rxn01477
ACZ81_RS11380	rxn18921
ACZ81_RS04575	rxn00459
ACZ81_RS18640	rxn08424
ACZ81_RS19805	rxn08428
ACZ81_RS18370	rxn08428
ACZ81_RS09440	rxn08430
ACZ81_RS00945	rxn08430
ACZ81_RS12250	rxn08433
ACZ81_RS12250	rxn21082
ACZ81_RS12250	rxn08436
ACZ81_RS10170	rxn08439
ACZ81_RS10170	rxn08440
ACZ81_RS07205	rxn08441
ACZ81_RS10170	rxn08441
ACZ81_RS10170	rxn08442
ACZ81_RS07205	rxn00943
ACZ81_RS10170	rxn00943
ACZ81_RS07205	rxn08443
ACZ81_RS10170	rxn08443
ACZ81_RS10170	rxn08444
ACZ81_RS10170	rxn08445
ACZ81_RS10170	rxn08446
ACZ81_RS10170	rxn08447
ACZ81_RS12595	rxn08448
ACZ81_RS03410	rxn08448
ACZ81_RS16200	rxn08448
ACZ81_RS12595	rxn08449
ACZ81_RS03410	rxn08449
ACZ81_RS16200	rxn08449
ACZ81_RS03410	rxn05736
ACZ81_RS11530	rxn05736
ACZ81_RS16200	rxn05736
ACZ81_RS12595	rxn08450
ACZ81_RS03410	rxn08450
ACZ81_RS16200	rxn08450
ACZ81_RS11530	rxn09451
ACZ81_RS03410	rxn09451
ACZ81_RS12595	rxn08451
ACZ81_RS03410	rxn08451
ACZ81_RS16200	rxn08451
ACZ81_RS03410	rxn00947
ACZ81_RS11530	rxn00947
ACZ81_RS16200	rxn00947
ACZ81_RS12595	rxn08452
ACZ81_RS03410	rxn08452
ACZ81_RS16200	rxn08452
ACZ81_RS03410	rxn09450
ACZ81_RS11530	rxn09450
ACZ81_RS16200	rxn09450
ACZ81_RS12595	rxn08453
ACZ81_RS03410	rxn08453
ACZ81_RS16200	rxn08453
ACZ81_RS11530	rxn09449
ACZ81_RS03410	rxn09449
ACZ81_RS12595	rxn08454
ACZ81_RS03410	rxn08454
ACZ81_RS16200	rxn08454
ACZ81_RS03410	rxn09448
ACZ81_RS11530	rxn09448
ACZ81_RS16200	rxn09448
ACZ81_RS12595	rxn08455
ACZ81_RS03410	rxn08455
ACZ81_RS16200	rxn08455
ACZ81_RS12595	rxn08456
ACZ81_RS03410	rxn08456
ACZ81_RS16200	rxn08456
ACZ81_RS11530	rxn09444
ACZ81_RS03410	rxn09444
ACZ81_RS12595	rxn08457
ACZ81_RS03410	rxn08457
ACZ81_RS16200	rxn08457
ACZ81_RS17435	rxn08458
ACZ81_RS16285	rxn08459
ACZ81_RS16290	rxn08459
ACZ81_RS15075	rxn04792
ACZ81_RS03955	rxn00786
ACZ81_RS03955	rxn01870
ACZ81_RS03955	rxn01334
ACZ81_RS00890	rxn00549
ACZ81_RS03225	rxn01620
ACZ81_RS18275	rxn00224
ACZ81_RS01830	rxn00224
ACZ81_RS08470	rxn00371
ACZ81_RS08465	rxn00371
ACZ81_RS17555	rxn00371
ACZ81_RS13455	rxn05555
ACZ81_RS13100	rxn05555
ACZ81_RS07280	rxn05555
ACZ81_RS15710	rxn08475
ACZ81_RS15530	rxn08473
ACZ81_RS19805	rxn08475
ACZ81_RS18370	rxn08475
ACZ81_RS07280	rxn08475
ACZ81_RS03385	rxn08479
ACZ81_RS14150	rxn08479
ACZ81_RS06415	rxn08479
ACZ81_RS09630	rxn08479
ACZ81_RS05530	rxn08479
ACZ81_RS06420	rxn08479
ACZ81_RS03375	rxn08479
ACZ81_RS05365	rxn08479
ACZ81_RS17435	rxn08491
ACZ81_RS17855	rxn05195
ACZ81_RS06695	rxn05195
ACZ81_RS00590	rxn05195
ACZ81_RS00585	rxn05195
ACZ81_RS00580	rxn05195
ACZ81_RS19805	rxn05292
ACZ81_RS18370	rxn05292
ACZ81_RS06695	rxn05557
ACZ81_RS02935	rxn08506
ACZ81_RS03385	rxn08507
ACZ81_RS03375	rxn08507
ACZ81_RS14150	rxn08507
ACZ81_RS17965	rxn08507
ACZ81_RS06415	rxn08507
ACZ81_RS09630	rxn08507
ACZ81_RS06420	rxn08507
ACZ81_RS10360	rxn00056
ACZ81_RS04155	rxn01639
ACZ81_RS11170	rxn08519
ACZ81_RS16415	rxn08519
ACZ81_RS16285	rxn03976
ACZ81_RS16290	rxn03976
ACZ81_RS17435	rxn03976
ACZ81_RS17435	rxn08521
ACZ81_RS13260	rxn00122
ACZ81_RS17435	rxn03974
ACZ81_RS16285	rxn03975
ACZ81_RS15110	rxn03975
ACZ81_RS16290	rxn03975
ACZ81_RS17435	rxn03975
ACZ81_RS07395	rxn08525
ACZ81_RS07395	rxn05559
ACZ81_RS12755	rxn05559
ACZ81_RS19805	rxn08525
ACZ81_RS18370	rxn08525
ACZ81_RS02810	rxn05560
ACZ81_RS03710	rxn05560
ACZ81_RS03720	rxn05560
ACZ81_RS02810	rxn08535
ACZ81_RS15430	rxn08537
ACZ81_RS01760	rxn00691
ACZ81_RS15425	rxn05691
ACZ81_RS10130	rxn00799
ACZ81_RS15485	rxn00799
ACZ81_RS18860	rxn03638
ACZ81_RS01840	rxn01629
ACZ81_RS19590	rxn08549
ACZ81_RS08570	rxn08549
ACZ81_RS15170	rxn08549
ACZ81_RS19590	rxn08552
ACZ81_RS08570	rxn08552
ACZ81_RS15170	rxn08552
ACZ81_RS02135	rxn00612
ACZ81_RS01025	rxn05739
ACZ81_RS01025	rxn08556
ACZ81_RS01025	rxn08557
ACZ81_RS09465	rxn02373
ACZ81_RS11755	rxn01975
ACZ81_RS11755	rxn00604
ACZ81_RS15045	rxn01977
ACZ81_RS09440	rxn00220
ACZ81_RS00975	rxn00808
ACZ81_RS01000	rxn00817
ACZ81_RS02810	rxn05567
ACZ81_RS03710	rxn05567
ACZ81_RS11865	rxn05673
ACZ81_RS08220	rxn05673
ACZ81_RS11855	rxn05673
ACZ81_RS19805	rxn08589
ACZ81_RS18370	rxn08589
ACZ81_RS04730	rxn00213
ACZ81_RS18570	rxn05566
ACZ81_RS18585	rxn05566
ACZ81_RS02810	rxn05569
ACZ81_RS03710	rxn05569
ACZ81_RS11690	rxn00781
ACZ81_RS11725	rxn00781
ACZ81_RS10825	rxn03004
ACZ81_RS15990	rxn00979
ACZ81_RS02375	rxn00979
ACZ81_RS09420	rxn00184
ACZ81_RS09420	rxn30679
ACZ81_RS03560	rxn08598
ACZ81_RS00545	rxn08598
ACZ81_RS17080	rxn08599
ACZ81_RS18845	rxn00555
ACZ81_RS14485	rxn00555
ACZ81_RS13050	rxn00692
ACZ81_RS18105	rxn00692
ACZ81_RS02475	rxn00692
ACZ81_RS00535	rxn00239
ACZ81_RS11715	rxn08605
ACZ81_RS02335	rxn08608
ACZ81_RS16635	rxn05571
ACZ81_RS09810	rxn01730
ACZ81_RS11865	rxn05574
ACZ81_RS08220	rxn05574
ACZ81_RS11855	rxn05574
ACZ81_RS19805	rxn08623
ACZ81_RS18370	rxn08623
ACZ81_RS02810	rxn05226
ACZ81_RS07475	rxn05226
ACZ81_RS03710	rxn05226
ACZ81_RS18570	rxn05573
ACZ81_RS19250	rxn05573
ACZ81_RS15430	rxn08617
ACZ81_RS08230	rxn00695
ACZ81_RS15550	rxn00187
ACZ81_RS09020	rxn05155
ACZ81_RS18465	rxn05155
ACZ81_RS17855	rxn05155
ACZ81_RS09460	rxn00179
ACZ81_RS19675	rxn00179
ACZ81_RS05835	rxn00646
ACZ81_RS10250	rxn00182
ACZ81_RS09420	rxn00182
ACZ81_RS15340	rxn00184
ACZ81_RS15345	rxn00184
ACZ81_RS15340	rxn30679
ACZ81_RS15345	rxn30679
ACZ81_RS13670	rxn00189
ACZ81_RS10125	rxn00189
ACZ81_RS09275	rxn00189
ACZ81_RS12265	rxn00790
ACZ81_RS15340	rxn00085
ACZ81_RS15345	rxn00085
ACZ81_RS07325	rxn06591
ACZ81_RS06785	rxn06937
ACZ81_RS17810	rxn06937
ACZ81_RS09020	rxn05146
ACZ81_RS08425	rxn05297
ACZ81_RS07450	rxn05297
ACZ81_RS08425	rxn05298
ACZ81_RS07450	rxn05298
ACZ81_RS15990	rxn01286
ACZ81_RS02375	rxn01286
ACZ81_RS15830	rxn08635
ACZ81_RS00310	rxn00274
ACZ81_RS04245	rxn05181
ACZ81_RS14470	rxn00908
ACZ81_RS14645	rxn00908
ACZ81_RS14460	rxn00908
ACZ81_RS08905	rxn00908
ACZ81_RS14465	rxn00908
ACZ81_RS15450	rxn00512
ACZ81_RS19665	rxn00512
ACZ81_RS15450	rxn00324
ACZ81_RS21645	rxn08655
ACZ81_RS17970	rxn08655
ACZ81_RS21645	rxn08656
ACZ81_RS17970	rxn08656
ACZ81_RS21645	rxn08657
ACZ81_RS17970	rxn08657
ACZ81_RS19805	rxn05581
ACZ81_RS18370	rxn05581
ACZ81_RS15830	rxn05581
ACZ81_RS01015	rxn00615
ACZ81_RS04365	rxn01274
ACZ81_RS12140	rxn01274
ACZ81_RS04355	rxn01274
ACZ81_RS11970	rxn08659
ACZ81_RS16385	rxn08661
ACZ81_RS11680	rxn08661
ACZ81_RS07230	rxn08661
ACZ81_RS13425	rxn00916
ACZ81_RS13425	rxn00917
ACZ81_RS11705	rxn01115
ACZ81_RS16640	rxn01275
ACZ81_RS14570	rxn01226
ACZ81_RS05940	rxn00758
ACZ81_RS05940	rxn01073
ACZ81_RS02170	rxn01073
ACZ81_RS05940	rxn08668
ACZ81_RS05940	rxn08669
ACZ81_RS02170	rxn08669
ACZ81_RS05940	rxn00889
ACZ81_RS12995	rxn01466
ACZ81_RS02145	rxn08670
ACZ81_RS05895	rxn08670
ACZ81_RS01570	rxn05204
ACZ81_RS13640	rxn01404
ACZ81_RS13640	rxn01403
ACZ81_RS02145	rxn00086
ACZ81_RS17550	rxn00086
ACZ81_RS02395	rxn00350
ACZ81_RS11015	rxn00350
ACZ81_RS18590	rxn08675
ACZ81_RS18595	rxn08675
ACZ81_RS14240	rxn08676
ACZ81_RS14230	rxn08676
ACZ81_RS14915	rxn00351
ACZ81_RS18145	rxn00299
ACZ81_RS18665	rxn00299
ACZ81_RS13030	rxn30315
ACZ81_RS00760	rxn30315
ACZ81_RS13030	rxn00300
ACZ81_RS00760	rxn00300
ACZ81_RS02275	rxn02449
ACZ81_RS04010	rxn02449
ACZ81_RS03560	rxn00303
ACZ81_RS06535	rxn00307
ACZ81_RS01835	rxn00307
ACZ81_RS11985	rxn00307
ACZ81_RS08015	rxn00307
ACZ81_RS08615	rxn00307
ACZ81_RS04760	rxn00307
ACZ81_RS16790	rxn00307
ACZ81_RS07780	rxn01225
ACZ81_RS08170	rxn00915
ACZ81_RS12785	rxn08682
ACZ81_RS07825	rxn05203
ACZ81_RS07865	rxn05203
ACZ81_RS19805	rxn08682
ACZ81_RS18370	rxn08682
ACZ81_RS07865	rxn08682
ACZ81_RS11880	rxn01080
ACZ81_RS11880	rxn01457
ACZ81_RS05345	rxn00102
ACZ81_RS00980	rxn05319
ACZ81_RS19805	rxn05319
ACZ81_RS18370	rxn05319
ACZ81_RS06435	rxn05319
ACZ81_RS19805	rxn08691
ACZ81_RS18370	rxn08691
ACZ81_RS06160	rxn01451
ACZ81_RS09365	rxn01451
ACZ81_RS02650	rxn01451
ACZ81_RS06160	rxn03249
ACZ81_RS02650	rxn03249
ACZ81_RS09365	rxn03249
ACZ81_RS06160	rxn03246
ACZ81_RS02650	rxn03246
ACZ81_RS09365	rxn03246
ACZ81_RS06160	rxn03244
ACZ81_RS02650	rxn03244
ACZ81_RS09365	rxn03244
ACZ81_RS06160	rxn03242
ACZ81_RS02650	rxn03242
ACZ81_RS09365	rxn03242
ACZ81_RS06160	rxn06777
ACZ81_RS02650	rxn06777
ACZ81_RS09365	rxn06777
ACZ81_RS06160	rxn03239
ACZ81_RS02650	rxn03239
ACZ81_RS09365	rxn03239
ACZ81_RS06160	rxn02933
ACZ81_RS02650	rxn02933
ACZ81_RS06160	rxn08700
ACZ81_RS02650	rxn08700
ACZ81_RS09365	rxn02933
ACZ81_RS11090	rxn02933
ACZ81_RS00340	rxn03893
ACZ81_RS18215	rxn00452
ACZ81_RS14805	rxn00452
ACZ81_RS18815	rxn08704
ACZ81_RS18815	rxn08705
ACZ81_RS19530	rxn05120
ACZ81_RS18990	rxn05120
ACZ81_RS11740	rxn00216
ACZ81_RS18205	rxn00547
ACZ81_RS12435	rxn08714
ACZ81_RS07495	rxn01825
ACZ81_RS16020	rxn01480
ACZ81_RS09945	rxn01480
ACZ81_RS04175	rxn00867
ACZ81_RS12710	rxn00859
ACZ81_RS12720	rxn02160
ACZ81_RS00520	rxn00060
ACZ81_RS08250	rxn00991
ACZ81_RS09660	rxn02484
ACZ81_RS11460	rxn08722
ACZ81_RS09945	rxn01280
ACZ81_RS03300	rxn30033
ACZ81_RS17820	rxn30033
ACZ81_RS01575	rxn01015
ACZ81_RS15450	rxn01011
ACZ81_RS09935	rxn01011
ACZ81_RS19665	rxn01011
ACZ81_RS15450	rxn01013
ACZ81_RS15065	rxn01302
ACZ81_RS07015	rxn01303
ACZ81_RS11050	rxn01303
ACZ81_RS05305	rxn01303
ACZ81_RS15060	rxn01300
ACZ81_RS05305	rxn01304
ACZ81_RS11420	rxn02320
ACZ81_RS16165	rxn02320
ACZ81_RS12715	rxn02320
ACZ81_RS14180	rxn01297
ACZ81_RS07805	rxn01297
ACZ81_RS07800	rxn01297
ACZ81_RS11310	rxn01297
ACZ81_RS14185	rxn01297
ACZ81_RS14175	rxn01297
ACZ81_RS10085	rxn08733
ACZ81_RS08170	rxn00836
ACZ81_RS20260	rxn08734
ACZ81_RS20220	rxn08735
ACZ81_RS20245	rxn08735
ACZ81_RS03280	rxn08735
ACZ81_RS20260	rxn08735
ACZ81_RS20260	rxn08736
ACZ81_RS19805	rxn08737
ACZ81_RS18370	rxn08737
ACZ81_RS19805	rxn08730
ACZ81_RS18370	rxn08730
ACZ81_RS04740	rxn00198
ACZ81_RS09200	rxn00198
ACZ81_RS13685	rxn00336
ACZ81_RS12725	rxn03135
ACZ81_RS12735	rxn03135
ACZ81_RS12720	rxn02473
ACZ81_RS06900	rxn30035
ACZ81_RS01625	rxn01575
ACZ81_RS03915	rxn05179
ACZ81_RS19805	rxn08747
ACZ81_RS18370	rxn08747
ACZ81_RS19200	rxn00832
ACZ81_RS13430	rxn00834
ACZ81_RS08320	rxn00834
ACZ81_RS00710	rxn08750
ACZ81_RS02935	rxn08750
ACZ81_RS00715	rxn08750
ACZ81_RS15750	rxn30488
ACZ81_RS18530	rxn08752
ACZ81_RS18855	rxn00879
ACZ81_RS14570	rxn01299
ACZ81_RS01570	rxn05316
ACZ81_RS10670	rxn08756
ACZ81_RS13240	rxn08756
ACZ81_RS04560	rxn03062
ACZ81_RS04740	rxn03062
ACZ81_RS04555	rxn02811
ACZ81_RS04550	rxn02811
ACZ81_RS04555	rxn02789
ACZ81_RS04550	rxn02789
ACZ81_RS04565	rxn00902
ACZ81_RS04160	rxn01642
ACZ81_RS09690	rxn08760
ACZ81_RS06240	rxn08760
ACZ81_RS19620	rxn15466
ACZ81_RS19620	rxn08764
ACZ81_RS12200	rxn10029
ACZ81_RS12200	rxn10030
ACZ81_RS12200	rxn05744
ACZ81_RS12200	rxn10036
ACZ81_RS12200	rxn05291
ACZ81_RS09705	rxn02405
ACZ81_RS03750	rxn02404
ACZ81_RS07350	rxn02331
ACZ81_RS05715	rxn08762
ACZ81_RS05440	rxn05595
ACZ81_RS00085	rxn05595
ACZ81_RS00080	rxn05595
ACZ81_RS06725	rxn05595
ACZ81_RS06720	rxn05595
ACZ81_RS04920	rxn05596
ACZ81_RS03885	rxn05596
ACZ81_RS07730	rxn05596
ACZ81_RS19805	rxn05206
ACZ81_RS18370	rxn05206
ACZ81_RS01185	rxn00816
ACZ81_RS18565	rxn00816
ACZ81_RS18510	rxn01618
ACZ81_RS15925	rxn08775
ACZ81_RS15990	rxn01053
ACZ81_RS02375	rxn01053
ACZ81_RS07000	rxn02209
ACZ81_RS07000	rxn15317
ACZ81_RS02375	rxn15317
ACZ81_RS15020	rxn08779
ACZ81_RS14345	rxn08779
ACZ81_RS09935	rxn00500
ACZ81_RS16060	rxn00500
ACZ81_RS16060	rxn08783
ACZ81_RS16055	rxn00499
ACZ81_RS01625	rxn00806
ACZ81_RS09020	rxn05161
ACZ81_RS03915	rxn05161
ACZ81_RS19805	rxn08786
ACZ81_RS18370	rxn08786
ACZ81_RS18120	rxn01834
ACZ81_RS14165	rxn01834
ACZ81_RS05945	rxn01834
ACZ81_RS05505	rxn00804
ACZ81_RS04890	rxn30036
ACZ81_RS06835	rxn08799
ACZ81_RS06835	rxn08800
ACZ81_RS06835	rxn08802
ACZ81_RS06835	rxn08806
ACZ81_RS06835	rxn08807
ACZ81_RS06835	rxn08809
ACZ81_RS06835	rxn08813
ACZ81_RS06835	rxn08814
ACZ81_RS06835	rxn08816
ACZ81_RS02100	rxn08820
ACZ81_RS02100	rxn08821
ACZ81_RS02100	rxn08823
ACZ81_RS02100	rxn08841
ACZ81_RS02100	rxn08842
ACZ81_RS02100	rxn08844
ACZ81_RS02100	rxn08848
ACZ81_RS02100	rxn08849
ACZ81_RS02100	rxn08851
ACZ81_RS12960	rxn04137
ACZ81_RS13275	rxn04137
ACZ81_RS10715	rxn04137
ACZ81_RS14025	rxn00322
ACZ81_RS00690	rxn05305
ACZ81_RS19805	rxn08856
ACZ81_RS18370	rxn08856
ACZ81_RS16055	rxn08792
ACZ81_RS16055	rxn08793
ACZ81_RS09605	rxn05602
ACZ81_RS08480	rxn02276
ACZ81_RS00775	rxn02276
ACZ81_RS14980	rxn02276
ACZ81_RS05495	rxn02276
ACZ81_RS19825	rxn02276
ACZ81_RS02645	rxn00676
ACZ81_RS13695	rxn00330
ACZ81_RS09860	rxn00022
ACZ81_RS12660	rxn00022
ACZ81_RS09865	rxn00022
ACZ81_RS19255	rxn00022
ACZ81_RS00870	rxn08869
ACZ81_RS07965	rxn00641
ACZ81_RS07965	rxn00640
ACZ81_RS07965	rxn00559
ACZ81_RS08695	rxn01775
ACZ81_RS11885	rxn01775
ACZ81_RS02810	rxn05610
ACZ81_RS03710	rxn05610
ACZ81_RS03720	rxn05610
ACZ81_RS19250	rxn05611
ACZ81_RS08270	rxn02866
ACZ81_RS08255	rxn02889
ACZ81_RS08265	rxn02889
ACZ81_RS15290	rxn00289
ACZ81_RS15295	rxn00679
ACZ81_RS01785	rxn08887
ACZ81_RS14795	rxn08887
ACZ81_RS01990	rxn08887
ACZ81_RS09310	rxn08887
ACZ81_RS01785	rxn08888
ACZ81_RS05240	rxn08888
ACZ81_RS01990	rxn08888
ACZ81_RS01785	rxn08889
ACZ81_RS14795	rxn08889
ACZ81_RS01990	rxn08889
ACZ81_RS09310	rxn08889
ACZ81_RS09295	rxn08890
ACZ81_RS09295	rxn08891
ACZ81_RS09295	rxn08892
ACZ81_RS09295	rxn08893
ACZ81_RS09295	rxn08894
ACZ81_RS15410	rxn08895
ACZ81_RS15410	rxn08896
ACZ81_RS15410	rxn08897
ACZ81_RS15410	rxn08898
ACZ81_RS16730	rxn00248
ACZ81_RS01995	rxn00159
ACZ81_RS17700	rxn00161
ACZ81_RS01995	rxn00161
ACZ81_RS13475	rxn05293
ACZ81_RS02740	rxn03910
ACZ81_RS15020	rxn08907
ACZ81_RS02745	rxn03907
ACZ81_RS03930	rxn00126
ACZ81_RS17765	rxn05183
ACZ81_RS05310	rxn00693
ACZ81_RS11435	rxn00693
ACZ81_RS05315	rxn00693
ACZ81_RS15795	rxn08918
ACZ81_RS02285	rxn08918
ACZ81_RS16400	rxn08918
ACZ81_RS04330	rxn08918
ACZ81_RS10190	rxn08918
ACZ81_RS02350	rxn08918
ACZ81_RS15795	rxn07439
ACZ81_RS02285	rxn07439
ACZ81_RS16400	rxn07439
ACZ81_RS11700	rxn07439
ACZ81_RS04330	rxn07439
ACZ81_RS10190	rxn07439
ACZ81_RS02350	rxn07439
ACZ81_RS17765	rxn05219
ACZ81_RS19805	rxn05616
ACZ81_RS18370	rxn05616
ACZ81_RS03705	rxn05616
ACZ81_RS08260	rxn01504
ACZ81_RS09425	rxn00748
ACZ81_RS02065	rxn00748
ACZ81_RS15710	rxn05616
ACZ81_RS13565	rxn00881
ACZ81_RS03455	rxn03061
ACZ81_RS01640	rxn03061
ACZ81_RS15300	rxn03061
ACZ81_RS05240	rxn08926
ACZ81_RS05240	rxn08927
ACZ81_RS05240	rxn08928
ACZ81_RS05240	rxn08929
ACZ81_RS05240	rxn08930
ACZ81_RS12760	rxn08931
ACZ81_RS02720	rxn08931
ACZ81_RS14730	rxn08931
ACZ81_RS02155	rxn08931
ACZ81_RS09250	rxn08931
ACZ81_RS05830	rxn08931
ACZ81_RS10780	rxn08931
ACZ81_RS12760	rxn08932
ACZ81_RS02720	rxn08932
ACZ81_RS14730	rxn08932
ACZ81_RS02155	rxn08932
ACZ81_RS09250	rxn08932
ACZ81_RS05830	rxn08932
ACZ81_RS10780	rxn08932
ACZ81_RS12660	rxn05746
ACZ81_RS09865	rxn05746
ACZ81_RS19255	rxn05746
ACZ81_RS12660	rxn07347
ACZ81_RS09865	rxn07347
ACZ81_RS19255	rxn07347
ACZ81_RS12660	rxn08126
ACZ81_RS09865	rxn08126
ACZ81_RS19255	rxn08126
ACZ81_RS12660	rxn08127
ACZ81_RS09865	rxn08127
ACZ81_RS19255	rxn08127
ACZ81_RS12660	rxn08128
ACZ81_RS09865	rxn08128
ACZ81_RS19255	rxn08128
ACZ81_RS12660	rxn20171
ACZ81_RS09865	rxn20171
ACZ81_RS19255	rxn20171
ACZ81_RS12660	rxn22017
ACZ81_RS09865	rxn22017
ACZ81_RS19255	rxn22017
ACZ81_RS12660	rxn22749
ACZ81_RS09865	rxn22749
ACZ81_RS19255	rxn22749
ACZ81_RS12660	rxn37425
ACZ81_RS09865	rxn37425
ACZ81_RS19255	rxn37425
ACZ81_RS12660	rxn40273
ACZ81_RS09865	rxn40273
ACZ81_RS19255	rxn40273
ACZ81_RS12660	rxn08933
ACZ81_RS09865	rxn08933
ACZ81_RS12660	rxn08934
ACZ81_RS12660	rxn08935
ACZ81_RS12660	rxn08936
ACZ81_RS12145	rxn08937
ACZ81_RS08585	rxn08937
ACZ81_RS04935	rxn08937
ACZ81_RS01780	rxn08937
ACZ81_RS02655	rxn08937
ACZ81_RS12145	rxn08938
ACZ81_RS08585	rxn08938
ACZ81_RS04935	rxn08938
ACZ81_RS01780	rxn08938
ACZ81_RS02655	rxn08938
ACZ81_RS12145	rxn08939
ACZ81_RS08585	rxn08939
ACZ81_RS04935	rxn08939
ACZ81_RS01780	rxn08939
ACZ81_RS02655	rxn08939
ACZ81_RS12145	rxn08940
ACZ81_RS08585	rxn08940
ACZ81_RS04935	rxn08940
ACZ81_RS01780	rxn08940
ACZ81_RS02655	rxn08940
ACZ81_RS07425	rxn08941
ACZ81_RS07425	rxn08942
ACZ81_RS07425	rxn08943
ACZ81_RS16015	rxn00671
ACZ81_RS16580	rxn00501
ACZ81_RS16580	rxn00671
ACZ81_RS18540	rxn08946
ACZ81_RS09440	rxn08948
ACZ81_RS02810	rxn05617
ACZ81_RS03710	rxn05617
ACZ81_RS12405	rxn05149
ACZ81_RS00935	rxn05149
ACZ81_RS15530	rxn05618
ACZ81_RS19805	rxn08947
ACZ81_RS18370	rxn08947
ACZ81_RS01715	rxn03182
ACZ81_RS01715	rxn03439
ACZ81_RS11330	rxn05619
ACZ81_RS11335	rxn05619
ACZ81_RS11340	rxn05619
ACZ81_RS08925	rxn05619
ACZ81_RS19805	rxn08956
ACZ81_RS18370	rxn08956
ACZ81_RS17825	rxn00912
ACZ81_RS01785	rxn13645
ACZ81_RS13265	rxn13645
ACZ81_RS01990	rxn13645
ACZ81_RS14770	rxn13645
ACZ81_RS01785	rxn08958
ACZ81_RS13265	rxn08958
ACZ81_RS01990	rxn08958
ACZ81_RS14770	rxn08958
ACZ81_RS13385	rxn01211
ACZ81_RS13385	rxn00907
ACZ81_RS03590	rxn00906
ACZ81_RS17710	rxn04954
ACZ81_RS18135	rxn01134
ACZ81_RS10875	rxn01134
ACZ81_RS15990	rxn03423
ACZ81_RS02375	rxn03423
ACZ81_RS18345	rxn00076
ACZ81_RS09675	rxn00076
ACZ81_RS03285	rxn00076
ACZ81_RS05710	rxn08971
ACZ81_RS07735	rxn08971
ACZ81_RS10795	rxn08971
ACZ81_RS18785	rxn08971
ACZ81_RS05710	rxn08975
ACZ81_RS07735	rxn08975
ACZ81_RS18785	rxn08975
ACZ81_RS05710	rxn08976
ACZ81_RS07735	rxn08976
ACZ81_RS18785	rxn08976
ACZ81_RS06990	rxn00077
ACZ81_RS15715	rxn08977
ACZ81_RS12225	rxn08977
ACZ81_RS10795	rxn08978
ACZ81_RS15715	rxn08978
ACZ81_RS15715	rxn08979
ACZ81_RS13180	rxn00138
ACZ81_RS18905	rxn00083
ACZ81_RS18910	rxn00083
ACZ81_RS18900	rxn00083
ACZ81_RS16255	rxn00083
ACZ81_RS07395	rxn08999
ACZ81_RS04605	rxn05622
ACZ81_RS04600	rxn05622
ACZ81_RS10215	rxn05209
ACZ81_RS02400	rxn05209
ACZ81_RS12555	rxn08982
ACZ81_RS02305	rxn08983
ACZ81_RS01720	rxn05209
ACZ81_RS19805	rxn08985
ACZ81_RS18370	rxn08985
ACZ81_RS02160	rxn00236
ACZ81_RS02160	rxn00116
ACZ81_RS13495	rxn00237
ACZ81_RS12780	rxn00237
ACZ81_RS13495	rxn00117
ACZ81_RS12780	rxn00117
ACZ81_RS13495	rxn00409
ACZ81_RS12780	rxn00409
ACZ81_RS13495	rxn01512
ACZ81_RS12780	rxn01512
ACZ81_RS13495	rxn01353
ACZ81_RS12780	rxn01353
ACZ81_RS13495	rxn01678
ACZ81_RS12780	rxn01678
ACZ81_RS13495	rxn01673
ACZ81_RS12780	rxn01673
ACZ81_RS13495	rxn00839
ACZ81_RS12780	rxn00839
ACZ81_RS13495	rxn00515
ACZ81_RS01820	rxn05466
ACZ81_RS19805	rxn05466
ACZ81_RS18370	rxn05466
ACZ81_RS18540	rxn08990
ACZ81_RS19805	rxn08991
ACZ81_RS18370	rxn08991
ACZ81_RS14225	rxn05174
ACZ81_RS14230	rxn05174
ACZ81_RS09325	rxn00105
ACZ81_RS04590	rxn01669
ACZ81_RS14570	rxn15164
ACZ81_RS12425	rxn00938
ACZ81_RS14255	rxn00938
ACZ81_RS09325	rxn02155
ACZ81_RS14680	rxn02402
ACZ81_RS12755	rxn05625
ACZ81_RS19805	rxn08999
ACZ81_RS18370	rxn08999
ACZ81_RS03120	rxn09003
ACZ81_RS19805	rxn09005
ACZ81_RS18370	rxn09005
ACZ81_RS11245	rxn01521
ACZ81_RS03135	rxn01961
ACZ81_RS19360	rxn00831
ACZ81_RS19360	rxn09010
ACZ81_RS11245	rxn09010
ACZ81_RS11245	rxn01218
ACZ81_RS11245	rxn01145
ACZ81_RS11245	rxn01507
ACZ81_RS03135	rxn01507
ACZ81_RS19360	rxn00132
ACZ81_RS03135	rxn00132
ACZ81_RS19360	rxn01445
ACZ81_RS11245	rxn01445
ACZ81_RS03135	rxn01445
ACZ81_RS19360	rxn00913
ACZ81_RS03135	rxn00913
ACZ81_RS07045	rxn00062
ACZ81_RS02185	rxn00062
ACZ81_RS19355	rxn00513
ACZ81_RS02185	rxn00513
ACZ81_RS19355	rxn09011
ACZ81_RS18000	rxn00241
ACZ81_RS18295	rxn00241
ACZ81_RS16935	rxn00241
ACZ81_RS17995	rxn00241
ACZ81_RS12415	rxn00241
ACZ81_RS07380	rxn00241
ACZ81_RS20235	rxn00241
ACZ81_RS02185	rxn00241
ACZ81_RS08765	rxn00241
ACZ81_RS19755	rxn00408
ACZ81_RS02185	rxn00408
ACZ81_RS14720	rxn01351
ACZ81_RS03565	rxn01351
ACZ81_RS04510	rxn02518
ACZ81_RS04510	rxn01962
ACZ81_RS14720	rxn00301
ACZ81_RS03565	rxn00301
ACZ81_RS03565	rxn01222
ACZ81_RS03565	rxn00367
ACZ81_RS06390	rxn09013
ACZ81_RS03565	rxn09013
ACZ81_RS03565	rxn00063
ACZ81_RS01140	rxn09014
ACZ81_RS03565	rxn09014
ACZ81_RS01140	rxn00463
ACZ81_RS03565	rxn00463
ACZ81_RS04510	rxn00514
ACZ81_RS11250	rxn01352
ACZ81_RS11250	rxn09016
ACZ81_RS03110	rxn00568
ACZ81_RS03115	rxn00568
ACZ81_RS03110	rxn00569
ACZ81_RS05430	rxn00162
ACZ81_RS11735	rxn00162
ACZ81_RS05425	rxn00162
ACZ81_RS11890	rxn00162
ACZ81_RS02050	rxn30043
ACZ81_RS18815	rxn09034
ACZ81_RS18815	rxn09035
ACZ81_RS10090	rxn00290
ACZ81_RS10085	rxn00290
ACZ81_RS02670	rxn09037
ACZ81_RS10685	rxn03445
ACZ81_RS04560	rxn01208
ACZ81_RS04740	rxn01208
ACZ81_RS10640	rxn00710
ACZ81_RS00880	rxn03393
ACZ81_RS17430	rxn03393
ACZ81_RS17505	rxn09044
ACZ81_RS11375	rxn30080
ACZ81_RS14025	rxn30044
ACZ81_RS19750	rxn01362
ACZ81_RS18260	rxn01729
ACZ81_RS19350	rxn01729
ACZ81_RS02780	rxn00503
ACZ81_RS14950	rxn00931
ACZ81_RS09690	rxn09053
ACZ81_RS18070	rxn09053
ACZ81_RS06240	rxn09053
ACZ81_RS09690	rxn09054
ACZ81_RS06240	rxn09054
ACZ81_RS09690	rxn09055
ACZ81_RS06240	rxn09055
ACZ81_RS09690	rxn09056
ACZ81_RS18070	rxn09056
ACZ81_RS06240	rxn09056
ACZ81_RS09690	rxn09057
ACZ81_RS18070	rxn09057
ACZ81_RS06240	rxn09057
ACZ81_RS09690	rxn09058
ACZ81_RS18070	rxn09058
ACZ81_RS06240	rxn09058
ACZ81_RS09690	rxn09059
ACZ81_RS18070	rxn09059
ACZ81_RS06240	rxn09059
ACZ81_RS17830	rxn01791
ACZ81_RS03085	rxn09065
ACZ81_RS03085	rxn09066
ACZ81_RS03085	rxn09067
ACZ81_RS03085	rxn09068
ACZ81_RS14780	rxn03904
ACZ81_RS15795	rxn05239
ACZ81_RS02285	rxn05239
ACZ81_RS04330	rxn05239
ACZ81_RS16280	rxn05239
ACZ81_RS02350	rxn05239
ACZ81_RS02145	rxn09069
ACZ81_RS16280	rxn09069
ACZ81_RS05895	rxn09069
ACZ81_RS20020	rxn00250
ACZ81_RS01650	rxn00140
ACZ81_RS13955	rxn00140
ACZ81_RS07065	rxn00140
ACZ81_RS00765	rxn00920
ACZ81_RS16270	rxn00920
ACZ81_RS07065	rxn00920
ACZ81_RS13955	rxn00920
ACZ81_RS01650	rxn00920
ACZ81_RS08905	rxn00154
ACZ81_RS14650	rxn00154
ACZ81_RS14645	rxn00154
ACZ81_RS14655	rxn00154
ACZ81_RS14655	rxn01242
ACZ81_RS08905	rxn01241
ACZ81_RS08605	rxn00209
ACZ81_RS13095	rxn00209
ACZ81_RS03545	rxn09072
ACZ81_RS03495	rxn09072
ACZ81_RS09440	rxn01398
ACZ81_RS09690	rxn09073
ACZ81_RS18070	rxn09073
ACZ81_RS06240	rxn09073
ACZ81_RS09690	rxn09074
ACZ81_RS18070	rxn09074
ACZ81_RS06240	rxn09074
ACZ81_RS09690	rxn09075
ACZ81_RS18070	rxn09075
ACZ81_RS06240	rxn09075
ACZ81_RS09690	rxn09076
ACZ81_RS18070	rxn09076
ACZ81_RS06240	rxn09076
ACZ81_RS09690	rxn09077
ACZ81_RS18070	rxn09077
ACZ81_RS06240	rxn09077
ACZ81_RS09690	rxn09078
ACZ81_RS18070	rxn09078
ACZ81_RS06240	rxn09078
ACZ81_RS09690	rxn09079
ACZ81_RS18070	rxn09079
ACZ81_RS06240	rxn09079
ACZ81_RS12965	rxn01903
ACZ81_RS19265	rxn00305
ACZ81_RS12310	rxn02939
ACZ81_RS10020	rxn00545
ACZ81_RS10020	rxn30050
ACZ81_RS10020	rxn01343
ACZ81_RS11170	rxn30514
ACZ81_RS16415	rxn30514
ACZ81_RS09690	rxn09085
ACZ81_RS18070	rxn09085
ACZ81_RS06240	rxn09085
ACZ81_RS09690	rxn09086
ACZ81_RS18070	rxn09086
ACZ81_RS06240	rxn09086
ACZ81_RS09690	rxn09087
ACZ81_RS18070	rxn09087
ACZ81_RS06240	rxn09087
ACZ81_RS09690	rxn09088
ACZ81_RS18070	rxn09088
ACZ81_RS06240	rxn09088
ACZ81_RS09690	rxn09089
ACZ81_RS18070	rxn09089
ACZ81_RS06240	rxn09089
ACZ81_RS09690	rxn09090
ACZ81_RS18070	rxn09090
ACZ81_RS06240	rxn09090
ACZ81_RS09690	rxn09091
ACZ81_RS18070	rxn09091
ACZ81_RS06240	rxn09091
ACZ81_RS09390	rxn01485
ACZ81_RS15450	rxn01101
ACZ81_RS14595	rxn01101
ACZ81_RS15045	rxn00558
ACZ81_RS03945	rxn01100
ACZ81_RS09395	rxn01100
ACZ81_RS11750	rxn01476
ACZ81_RS01630	rxn01106
ACZ81_RS00945	rxn00704
ACZ81_RS07420	rxn00704
ACZ81_RS09690	rxn09094
ACZ81_RS18070	rxn09094
ACZ81_RS06240	rxn09094
ACZ81_RS09690	rxn09095
ACZ81_RS18070	rxn09095
ACZ81_RS06240	rxn09095
ACZ81_RS09690	rxn09096
ACZ81_RS18070	rxn09096
ACZ81_RS06240	rxn09096
ACZ81_RS09690	rxn09097
ACZ81_RS18070	rxn09097
ACZ81_RS06240	rxn09097
ACZ81_RS09690	rxn09098
ACZ81_RS18070	rxn09098
ACZ81_RS06240	rxn09098
ACZ81_RS09690	rxn09099
ACZ81_RS18070	rxn09099
ACZ81_RS06240	rxn09099
ACZ81_RS09690	rxn09100
ACZ81_RS18070	rxn09100
ACZ81_RS06240	rxn09100
ACZ81_RS13010	rxn09101
ACZ81_RS13010	rxn09102
ACZ81_RS13010	rxn09103
ACZ81_RS13010	rxn09104
ACZ81_RS00860	rxn09104
ACZ81_RS03085	rxn09104
ACZ81_RS13010	rxn09105
ACZ81_RS13010	rxn09106
ACZ81_RS13010	rxn09107
ACZ81_RS10490	rxn09108
ACZ81_RS10490	rxn09109
ACZ81_RS10490	rxn09110
ACZ81_RS10490	rxn09111
ACZ81_RS10490	rxn09112
ACZ81_RS10490	rxn09113
ACZ81_RS10490	rxn09114
ACZ81_RS02780	rxn03071
ACZ81_RS04635	rxn09115
ACZ81_RS04620	rxn09115
ACZ81_RS04630	rxn09115
ACZ81_RS04625	rxn09115
ACZ81_RS04640	rxn09115
ACZ81_RS11420	rxn00493
ACZ81_RS11065	rxn00493
ACZ81_RS11380	rxn00493
ACZ81_RS11410	rxn00493
ACZ81_RS14025	rxn00497
ACZ81_RS04035	rxn05145
ACZ81_RS04045	rxn05312
ACZ81_RS01170	rxn05313
ACZ81_RS19805	rxn09121
ACZ81_RS18370	rxn09121
ACZ81_RS03355	rxn05145
ACZ81_RS04025	rxn05145
ACZ81_RS04030	rxn05145
ACZ81_RS13410	rxn09126
ACZ81_RS13410	rxn09127
ACZ81_RS13410	rxn09129
ACZ81_RS13410	rxn09130
ACZ81_RS13410	rxn09131
ACZ81_RS13410	rxn09132
ACZ81_RS13410	rxn09133
ACZ81_RS13410	rxn09134
ACZ81_RS13410	rxn09135
ACZ81_RS13410	rxn09136
ACZ81_RS13410	rxn09137
ACZ81_RS13410	rxn09138
ACZ81_RS13410	rxn09139
ACZ81_RS13410	rxn09140
ACZ81_RS13410	rxn09141
ACZ81_RS13410	rxn09142
ACZ81_RS13410	rxn09143
ACZ81_RS13410	rxn09147
ACZ81_RS13410	rxn09148
ACZ81_RS13410	rxn09150
ACZ81_RS13410	rxn09154
ACZ81_RS13410	rxn09155
ACZ81_RS13410	rxn09157
ACZ81_RS13410	rxn09161
ACZ81_RS13410	rxn09162
ACZ81_RS13410	rxn09164
ACZ81_RS17260	rxn01329
ACZ81_RS09755	rxn01329
ACZ81_RS00825	rxn30054
ACZ81_RS15125	rxn30054
ACZ81_RS10860	rxn12510
ACZ81_RS16960	rxn12510
ACZ81_RS00895	rxn00001
ACZ81_RS04010	rxn00001
ACZ81_RS04010	rxn00106
ACZ81_RS07130	rxn00985
ACZ81_RS16805	rxn09171
ACZ81_RS19805	rxn09172
ACZ81_RS18370	rxn09172
ACZ81_RS02270	rxn00029
ACZ81_RS16725	rxn00251
ACZ81_RS00235	rxn02341
ACZ81_RS19265	rxn00247
ACZ81_RS00545	rxn00242
ACZ81_RS15465	rxn00104
ACZ81_RS04015	rxn00104
ACZ81_RS00235	rxn09177
ACZ81_RS06290	rxn01268
ACZ81_RS06320	rxn01000
ACZ81_RS07335	rxn09179
ACZ81_RS05860	rxn09179
ACZ81_RS15515	rxn09179
ACZ81_RS09130	rxn00147
ACZ81_RS19210	rxn02895
ACZ81_RS10820	rxn02937
ACZ81_RS06900	rxn02508
ACZ81_RS12740	rxn02835
ACZ81_RS12740	rxn02834
ACZ81_RS04940	rxn03084
ACZ81_RS12730	rxn03175
ACZ81_RS02780	rxn09188
ACZ81_RS05435	rxn09189
ACZ81_RS05450	rxn09189
ACZ81_RS05455	rxn09189
ACZ81_RS05445	rxn09189
ACZ81_RS04245	rxn05165
ACZ81_RS09020	rxn05165
ACZ81_RS16815	rxn05638
ACZ81_RS06100	rxn05638
ACZ81_RS06100	rxn05221
ACZ81_RS07305	rxn15108
ACZ81_RS10680	rxn02476
ACZ81_RS02180	rxn09200
ACZ81_RS02180	rxn09201
ACZ81_RS02180	rxn09203
ACZ81_RS10685	rxn02914
ACZ81_RS13080	rxn00420
ACZ81_RS12875	rxn09208
ACZ81_RS12875	rxn09209
ACZ81_RS12875	rxn09211
ACZ81_RS12930	rxn15113
ACZ81_RS07135	rxn00670
ACZ81_RS07135	rxn00173
ACZ81_RS00285	rxn02175
ACZ81_RS18465	rxn05163
ACZ81_RS04245	rxn05163
ACZ81_RS09020	rxn05163
ACZ81_RS08920	rxn05163
ACZ81_RS16500	rxn05687
ACZ81_RS02780	rxn00183
ACZ81_RS08605	rxn00208
ACZ81_RS13095	rxn00208
ACZ81_RS08605	rxn01252
ACZ81_RS09440	rxn00123
ACZ81_RS08575	rxn00148
ACZ81_RS11765	rxn00148
ACZ81_RS09605	rxn05469
ACZ81_RS16805	rxn05469
ACZ81_RS19805	rxn09218
ACZ81_RS18370	rxn09218
ACZ81_RS06460	rxn02988
ACZ81_RS00945	rxn39058
ACZ81_RS01000	rxn00818
ACZ81_RS13260	rxn00392
ACZ81_RS13025	rxn30056
ACZ81_RS13035	rxn30056
ACZ81_RS13025	rxn30057
ACZ81_RS13035	rxn30057
ACZ81_RS14565	rxn30058
ACZ81_RS16645	rxn05160
ACZ81_RS11870	rxn05160
ACZ81_RS18580	rxn05160
ACZ81_RS19790	rxn05160
ACZ81_RS01555	rxn05160
ACZ81_RS02285	rxn05231
ACZ81_RS04330	rxn05231
ACZ81_RS10700	rxn05231
ACZ81_RS02350	rxn05231
ACZ81_RS10705	rxn05231
ACZ81_RS02145	rxn09231
ACZ81_RS05895	rxn09231
ACZ81_RS02285	rxn05233
ACZ81_RS04330	rxn05233
ACZ81_RS10700	rxn05233
ACZ81_RS02350	rxn05233
ACZ81_RS10705	rxn05233
ACZ81_RS02145	rxn09232
ACZ81_RS05895	rxn09232
ACZ81_RS02285	rxn06076
ACZ81_RS04330	rxn06076
ACZ81_RS10700	rxn06076
ACZ81_RS02350	rxn06076
ACZ81_RS10705	rxn06076
ACZ81_RS02145	rxn09233
ACZ81_RS05895	rxn09233
ACZ81_RS02285	rxn06075
ACZ81_RS04330	rxn06075
ACZ81_RS10700	rxn06075
ACZ81_RS02350	rxn06075
ACZ81_RS10705	rxn06075
ACZ81_RS02145	rxn09234
ACZ81_RS05895	rxn09234
ACZ81_RS11170	rxn09235
ACZ81_RS16415	rxn09235
ACZ81_RS11170	rxn09236
ACZ81_RS16415	rxn09236
ACZ81_RS11170	rxn09237
ACZ81_RS16415	rxn09237
ACZ81_RS11170	rxn09238
ACZ81_RS16415	rxn09238
ACZ81_RS01925	rxn01116
ACZ81_RS15140	rxn15114
ACZ81_RS14590	rxn15114
ACZ81_RS08435	rxn02927
ACZ81_RS06080	rxn00379
ACZ81_RS06095	rxn00379
ACZ81_RS06080	rxn09240
ACZ81_RS06095	rxn09240
ACZ81_RS07465	rxn01973
ACZ81_RS10685	rxn03087
ACZ81_RS01905	rxn03087
ACZ81_RS00810	rxn00423
ACZ81_RS13760	rxn00423
ACZ81_RS10115	rxn00165
ACZ81_RS16490	rxn00165
ACZ81_RS04150	rxn09247
ACZ81_RS16350	rxn00377
ACZ81_RS07435	rxn00291
ACZ81_RS01895	rxn03422
ACZ81_RS02910	rxn02774
ACZ81_RS02910	rxn02056
ACZ81_RS00145	rxn01740
ACZ81_RS01960	rxn01739
ACZ81_RS15445	rxn05957
ACZ81_RS11050	rxn05957
ACZ81_RS19805	rxn09260
ACZ81_RS18370	rxn09260
ACZ81_RS03105	rxn05651
ACZ81_RS19805	rxn05238
ACZ81_RS18370	rxn05238
ACZ81_RS05350	rxn05238
ACZ81_RS01905	rxn02944
ACZ81_RS04245	rxn05175
ACZ81_RS09020	rxn05175
ACZ81_RS18465	rxn05175
ACZ81_RS08920	rxn05175
ACZ81_RS05890	rxn00206
ACZ81_RS19350	rxn00508
ACZ81_RS18260	rxn00509
ACZ81_RS19350	rxn00509
ACZ81_RS11145	rxn10126
ACZ81_RS11150	rxn10126
ACZ81_RS11140	rxn10126
ACZ81_RS09775	rxn09272
ACZ81_RS09785	rxn09272
ACZ81_RS09790	rxn09272
ACZ81_RS09780	rxn09272
ACZ81_RS09805	rxn00285
ACZ81_RS09810	rxn00285
ACZ81_RS12660	rxn00575
ACZ81_RS09865	rxn00575
ACZ81_RS02810	rxn05655
ACZ81_RS07475	rxn05655
ACZ81_RS03710	rxn05655
ACZ81_RS16285	rxn00623
ACZ81_RS16290	rxn00623
ACZ81_RS17900	rxn00623
ACZ81_RS08925	rxn05153
ACZ81_RS15040	rxn01333
ACZ81_RS03230	rxn00436
ACZ81_RS09695	rxn03181
ACZ81_RS18910	rxn09295
ACZ81_RS18900	rxn09295
ACZ81_RS04815	rxn03031
ACZ81_RS15795	rxn09296
ACZ81_RS02350	rxn09296
ACZ81_RS08840	rxn09296
ACZ81_RS08845	rxn09296
ACZ81_RS02285	rxn09296
ACZ81_RS10770	rxn09296
ACZ81_RS04330	rxn09296
ACZ81_RS05925	rxn09296
ACZ81_RS16765	rxn05200
ACZ81_RS01570	rxn05200
ACZ81_RS13050	rxn00541
ACZ81_RS00315	rxn01068
ACZ81_RS07000	rxn01068
ACZ81_RS10115	rxn00737
ACZ81_RS16490	rxn00737
ACZ81_RS19595	rxn00737
ACZ81_RS15055	rxn01069
ACZ81_RS10450	rxn09304
ACZ81_RS11460	rxn09304
ACZ81_RS04150	rxn09306
ACZ81_RS11365	rxn09310
ACZ81_RS09735	rxn09310
ACZ81_RS14255	rxn09310
ACZ81_RS00475	rxn09310
ACZ81_RS13535	rxn09310
ACZ81_RS00480	rxn09310
ACZ81_RS13015	rxn09310
ACZ81_RS03935	rxn15228
ACZ81_RS03935	rxn00785
ACZ81_RS13960	rxn01143
ACZ81_RS02825	rxn01520
ACZ81_RS05615	rxn01538
ACZ81_RS13015	rxn00438
ACZ81_RS00495	rxn02305
ACZ81_RS09395	rxn00747
ACZ81_RS02350	rxn05289
ACZ81_RS15795	rxn05289
ACZ81_RS02285	rxn05289
ACZ81_RS04330	rxn05289
ACZ81_RS09235	rxn05289
ACZ81_RS12660	rxn00606
ACZ81_RS09865	rxn00606
ACZ81_RS01520	rxn00007
ACZ81_RS02810	rxn02005
ACZ81_RS03710	rxn02005
ACZ81_RS06890	rxn30066
ACZ81_RS06895	rxn30066
ACZ81_RS06890	rxn00474
ACZ81_RS06895	rxn00474
ACZ81_RS06890	rxn30067
ACZ81_RS06895	rxn30067
ACZ81_RS11380	rxn00483
ACZ81_RS08925	rxn05176
ACZ81_RS19805	rxn09330
ACZ81_RS18370	rxn09330
ACZ81_RS18815	rxn09331
ACZ81_RS18815	rxn09332
ACZ81_RS11420	rxn00527
ACZ81_RS11065	rxn00527
ACZ81_RS11380	rxn00527
ACZ81_RS11410	rxn00527
ACZ81_RS13055	rxn06723
ACZ81_RS14790	rxn02011
ACZ81_RS08570	rxn06729
ACZ81_RS04885	rxn06729
ACZ81_RS03795	rxn00461
ACZ81_RS18860	rxn00293
ACZ81_RS14765	rxn20238
ACZ81_RS14775	rxn02008
ACZ81_RS14760	rxn02286
ACZ81_RS00885	rxn02286
ACZ81_RS16970	rxn02285
ACZ81_RS03305	rxn03901
ACZ81_RS06850	rxn00214
ACZ81_RS04670	rxn00214
ACZ81_RS05135	rxn00214
ACZ81_RS00970	rxn00701
ACZ81_RS07885	rxn00327
ACZ81_RS14785	rxn03164
ACZ81_RS14735	rxn03146
ACZ81_RS00885	rxn09358
ACZ81_RS00885	rxn09360
ACZ81_RS04840	rxn00119
ACZ81_RS10675	rxn00119
ACZ81_RS00510	rxn02287
ACZ81_RS02910	rxn02287
ACZ81_RS00515	rxn02264
ACZ81_RS18340	rxn02288
ACZ81_RS13980	rxn00711
ACZ81_RS16570	rxn05197
ACZ81_RS04170	rxn02085
ACZ81_RS11190	rxn00560
ACZ81_RS15315	rxn05667
ACZ81_RS00980	rxn05667
ACZ81_RS15830	rxn05667
ACZ81_RS07785	rxn09370
ACZ81_RS07790	rxn09370
ACZ81_RS04840	rxn01517
ACZ81_RS14570	rxn00797
ACZ81_RS16760	rxn00709
ACZ81_RS16760	rxn00713
ACZ81_RS16765	rxn05199
ACZ81_RS01570	rxn05199
ACZ81_RS13300	rxn30070
ACZ81_RS12180	rxn30070
ACZ81_RS05505	rxn01045
ACZ81_RS01625	rxn00903
ACZ81_RS03915	rxn05168
ACZ81_RS15005	rxn05669
ACZ81_RS19805	rxn05245
ACZ81_RS18370	rxn05245
ACZ81_RS14180	rxn01522
ACZ81_RS07805	rxn01522
ACZ81_RS07800	rxn01522
ACZ81_RS11310	rxn01522
ACZ81_RS14175	rxn01522
ACZ81_RS07865	rxn05202
ACZ81_RS08170	rxn01544
ACZ81_RS14570	rxn01545
ACZ81_RS01570	rxn05680
ACZ81_RS10270	rxn05167
ACZ81_RS18585	rxn05671
ACZ81_RS06940	rxn15113
ACZ81_RS08775	rxn15113
ACZ81_RS08525	rxn15113
ACZ81_RS18540	rxn09389
ACZ81_RS14225	rxn05150
ACZ81_RS10270	rxn05150
ACZ81_RS12405	rxn05150
ACZ81_RS19410	rxn05150
ACZ81_RS19805	rxn09390
ACZ81_RS18370	rxn09390
